{"content": {"suites": {"0": {"status": {"total_pass": 2, "total_skip": 0, "total_xpass": 1, "total_xfail": 0, "total_rerun": 0, "total_fail": 0, "total_error": 0}, "tests": {"0": {"status": "xPASS", "message": "", "test_name": "test_sum_001", "rerun": "0"}, "1": {"status": "PASS", "message": "", "test_name": "test_mul_002", "rerun": "0"}, "2": {"status": "PASS", "message": "", "test_name": "test_Google", "rerun": "0"}}, "suite_name": "testCases/test_file1.py"}, "1": {"suite_name": "testCases/test_file2.py", "tests": {"0": {"status": "PASS", "message": "", "test_name": "test_sum_004", "rerun": "0"}}, "status": {"total_pass": 1, "total_skip": 0, "total_xpass": 0, "total_xfail": 0, "total_rerun": 0, "total_fail": 0, "total_error": 0}}, "2": {"suite_name": "testCases/test_file3.py", "tests": {"0": {"status": "PASS", "message": "", "test_name": "test_sum_005", "rerun": "0"}, "1": {"status": "PASS", "message": "", "test_name": "test_credence", "rerun": "0"}, "2": {"status": "PASS", "message": "", "test_name": "test_credence_", "rerun": "0"}}, "status": {"total_pass": 3, "total_skip": 0, "total_xpass": 0, "total_xfail": 0, "total_rerun": 0, "total_fail": 0, "total_error": 0}}, "3": {"suite_name": "testCases/test_file4.py", "tests": {"0": {"status": "PASS", "message": "", "test_name": "test_mul_006", "rerun": "0"}}, "status": {"total_pass": 1, "total_skip": 0, "total_xpass": 0, "total_xfail": 0, "total_rerun": 0, "total_fail": 0, "total_error": 0}}}}, "date": "May 07, 2023", "start_time": 1683437675.9966543, "total_suite": 4, "status": "PASS", "status_list": {"pass": "7", "fail": "0", "skip": "0", "error": "0", "xpass": "1", "xfail": "0", "rerun": "0"}, "total_tests": "8"}