{"content": {"suites": {"0": {"status": {"total_pass": 0, "total_skip": 0, "total_xpass": 0, "total_xfail": 0, "total_rerun": 0, "total_fail": 1, "total_error": 0}, "tests": {"0": {"status": "FAIL", "message": "       assert False\n", "test_name": "test_mul_002", "rerun": "0"}}, "suite_name": "testCases/test_file1.py"}, "1": {"suite_name": "testCases/test_file3.py", "tests": {"0": {"status": "PASS", "message": "", "test_name": "test_credence_", "rerun": "0"}}, "status": {"total_pass": 1, "total_skip": 0, "total_xpass": 0, "total_xfail": 0, "total_rerun": 0, "total_fail": 0, "total_error": 0}}}}, "date": "May 07, 2023", "start_time": 1683431217.8668475, "total_suite": 2, "status": "FAIL", "status_list": {"pass": "1", "fail": "1", "skip": "0", "error": "0", "xpass": "0", "xfail": "0", "rerun": "0"}, "total_tests": "2"}