{"content": {"suites": {"0": {"status": {"total_pass": 1, "total_skip": 0, "total_xpass": 0, "total_xfail": 0, "total_rerun": 0, "total_fail": 1, "total_error": 0}, "tests": {"0": {"status": "PASS", "message": "", "test_name": "test_sum_005", "rerun": "0"}, "1": {"status": "FAIL", "message": "       assert False\n", "test_name": "test_credence", "rerun": "0"}}, "suite_name": "testCases/test_file3.py"}}}, "date": "May 07, 2023", "start_time": 1683427868.3371587, "total_suite": 1, "status": "FAIL", "status_list": {"pass": "1", "fail": "1", "skip": "0", "error": "0", "xpass": "0", "xfail": "0", "rerun": "0"}, "total_tests": "2"}