{"content": {"suites": {"0": {"status": {"total_pass": 0, "total_skip": 1, "total_xpass": 0, "total_xfail": 0, "total_rerun": 0, "total_fail": 0, "total_error": 0}, "tests": {"0": {"status": "SKIP", "message": "('D:\\\\Credence Class Notes\\\\CredenceBatches\\\\CredenceBatch#13\\\\Pytest\\\\testCases\\\\test_file4.py', 6, 'Skipped: unconditional skip')\n", "test_name": "test_mul_006", "rerun": "0"}}, "suite_name": "testCases/test_file4.py"}}}, "date": "May 06, 2023", "start_time": 0, "total_suite": 1, "status": "PASS", "status_list": {"pass": "0", "fail": "0", "skip": "1", "error": "0", "xpass": "0", "xfail": "0", "rerun": "0"}, "total_tests": "1"}