{"content": {"suites": {"0": {"status": {"total_pass": 1, "total_skip": 0, "total_xpass": 0, "total_xfail": 0, "total_rerun": 0, "total_fail": 0, "total_error": 0}, "tests": {"0": {"status": "PASS", "message": "", "test_name": "test_Google", "rerun": "0"}}, "suite_name": "testCases/test_file1.py"}, "1": {"suite_name": "testCases/test_file2.py", "tests": {"0": {"status": "PASS", "message": "", "test_name": "test_sum_004", "rerun": "0"}}, "status": {"total_pass": 1, "total_skip": 0, "total_xpass": 0, "total_xfail": 0, "total_rerun": 0, "total_fail": 0, "total_error": 0}}, "2": {"suite_name": "testCases/test_file4.py", "tests": {"0": {"status": "SKIP", "message": "('D:\\\\Credence Class Notes\\\\CredenceBatches\\\\CredenceBatch#13\\\\Pytest\\\\testCases\\\\test_file4.py', 6, 'Skipped: unconditional skip')\n", "test_name": "test_mul_006", "rerun": "0"}}, "status": {"total_pass": 0, "total_skip": 0, "total_xpass": 0, "total_xfail": 0, "total_rerun": 0, "total_fail": 0, "total_error": 0}}}}, "date": "May 06, 2023", "start_time": 1683343447.148655, "total_suite": 3, "status": "PASS", "status_list": {"pass": "2", "fail": "0", "skip": "0", "error": "0", "xpass": "0", "xfail": "0", "rerun": "0"}, "total_tests": "2"}