{"content": {"suites": {"0": {"status": {"total_pass": 1, "total_skip": 0, "total_xpass": 1, "total_xfail": 0, "total_rerun": 0, "total_fail": 0, "total_error": 0}, "tests": {"0": {"status": "xPASS", "message": "", "test_name": "test_sum_001", "rerun": "0"}, "1": {"status": "PASS", "message": "", "test_name": "test_mul_002", "rerun": "0"}}, "suite_name": "testCases/test_file1.py"}}}, "date": "May 07, 2023", "start_time": 1683437899.40835, "total_suite": 1, "status": "PASS", "status_list": {"pass": "1", "fail": "0", "skip": "0", "error": "0", "xpass": "1", "xfail": "0", "rerun": "0"}, "total_tests": "2"}